<?xml version="1.0" encoding="utf-8" ?>
<dwsync>
<file name="jquery.min.js" server="10.250.0.7//" local="131622758012895175" remote="131622757800000000" Dst="0" />
<file name="jquery.dropotron.min.js" server="10.250.0.7//" local="131622729636827793" remote="131622729600000000" Dst="0" />
<file name="skel.min.js" server="10.250.0.7//" local="131622735179413106" remote="131622735000000000" Dst="0" />
<file name="skel-viewport.min.js" server="10.250.0.7//" local="131622729335109163" remote="131622729000000000" Dst="0" />
<file name="util.js" server="10.250.0.7//" local="131621822540000000" remote="131622712200000000" Dst="0" />
<file name="main.js" server="10.250.0.7//" local="131622752447479832" remote="131622747600000000" Dst="0" />
<file name="jquery.min.js" server="C:/Users/Manu/Desktop/WeCare Project/" local="131621822526907432" remote="131621822520000000" Dst="0" />
<file name="jquery.dropotron.min.js" server="C:/Users/Manu/Desktop/WeCare Project/" local="131621822526196951" remote="131621822520000000" Dst="0" />
<file name="skel.min.js" server="C:/Users/Manu/Desktop/WeCare Project/" local="131621822527828034" remote="131621822520000000" Dst="0" />
<file name="skel-viewport.min.js" server="C:/Users/Manu/Desktop/WeCare Project/" local="131621822527447793" remote="131621822520000000" Dst="0" />
<file name="util.js" server="C:/Users/Manu/Desktop/WeCare Project/" local="131621822528158261" remote="131621822520000000" Dst="0" />
<file name="main.js" server="C:/Users/Manu/Desktop/WeCare Project/" local="131621822527197648" remote="131621822520000000" Dst="0" />
</dwsync>