<?xml version="1.0" encoding="utf-8" ?>
<dwsync>
<file name="nav.js" server="10.250.0.7//" local="131624582750087182" remote="131624593800000000" Dst="0" />
<file name="nav.js" server="wecare.jcubitgroup.com//" local="131624893324506876" remote="131624049600000000" Dst="0" />
<file name="jquery.min.js" server="wecare.jcubitgroup.com//" local="131624893115662501" remote="131624415600000000" Dst="0" />
<file name="jquery.dropotron.min.js" server="wecare.jcubitgroup.com//" local="131624893110746045" remote="131624415600000000" Dst="0" />
<file name="skel.min.js" server="wecare.jcubitgroup.com//" local="131624893119360966" remote="131624415600000000" Dst="0" />
<file name="skel-viewport.min.js" server="wecare.jcubitgroup.com//" local="131624893119581277" remote="131624415600000000" Dst="0" />
<file name="util.js" server="wecare.jcubitgroup.com//" local="131624893126189063" remote="131624415600000000" Dst="0" />
<file name="main.js" server="wecare.jcubitgroup.com//" local="131624893128412572" remote="131624415600000000" Dst="0" />
<file name="div.js" server="wecare.jcubitgroup.com//" local="131625030052516254" remote="131624419200000000" Dst="0" />
<file name="show_text.js" server="wecare.jcubitgroup.com//" local="131624893134976647" remote="131624419200000000" Dst="0" />
</dwsync>