<?xml version="1.0" encoding="utf-8" ?>
<dwsync>
<file name="jquery.min.js" server="10.250.0.7//" local="131621822540000000" remote="131624569200000000" Dst="0" />
<file name="jquery.dropotron.min.js" server="10.250.0.7//" local="131621822540000000" remote="131624569200000000" Dst="0" />
<file name="skel.min.js" server="10.250.0.7//" local="131621822540000000" remote="131624569200000000" Dst="0" />
<file name="skel-viewport.min.js" server="10.250.0.7//" local="131621822540000000" remote="131624569200000000" Dst="0" />
<file name="util.js" server="10.250.0.7//" local="131621822540000000" remote="131624569200000000" Dst="0" />
<file name="main.js" server="10.250.0.7//" local="131621822540000000" remote="131624569200000000" Dst="0" />
<file name="jquery.min.js" server="C:/Users/Manu/Desktop/WeCare Project/" local="131621822526907432" remote="131621822520000000" Dst="0" />
<file name="jquery.dropotron.min.js" server="C:/Users/Manu/Desktop/WeCare Project/" local="131621822526196951" remote="131621822520000000" Dst="0" />
<file name="skel.min.js" server="C:/Users/Manu/Desktop/WeCare Project/" local="131621822527828034" remote="131621822520000000" Dst="0" />
<file name="skel-viewport.min.js" server="C:/Users/Manu/Desktop/WeCare Project/" local="131621822527447793" remote="131621822520000000" Dst="0" />
<file name="util.js" server="C:/Users/Manu/Desktop/WeCare Project/" local="131621822528158261" remote="131621822520000000" Dst="0" />
<file name="main.js" server="C:/Users/Manu/Desktop/WeCare Project/" local="131621822527197648" remote="131621822520000000" Dst="0" />
<file name="show_text.js" server="10.250.0.7//" local="131622748940000000" remote="131624569200000000" Dst="0" />
<file name="jquery.dropotron.min.js" server="wecare.jcubitgroup.com//" local="131624893110746045" remote="131624146200000000" Dst="0" />
<file name="jquery.min.js" server="wecare.jcubitgroup.com//" local="131624893115662501" remote="131624146200000000" Dst="0" />
<file name="skel.min.js" server="wecare.jcubitgroup.com//" local="131624893119360966" remote="131624146200000000" Dst="0" />
<file name="skel-viewport.min.js" server="wecare.jcubitgroup.com//" local="131624893119581277" remote="131624146200000000" Dst="0" />
<file name="util.js" server="wecare.jcubitgroup.com//" local="131624893126189063" remote="131624146200000000" Dst="0" />
<file name="main.js" server="wecare.jcubitgroup.com//" local="131624893128412572" remote="131624146200000000" Dst="0" />
<file name="show_text.js" server="wecare.jcubitgroup.com//" local="131624893134976647" remote="131624049000000000" Dst="0" />
</dwsync>