<?xml version="1.0" encoding="utf-8" ?>
<dwsync>
<file name="font-awesome.min.css" server="10.250.0.7//" local="131621822540000000" remote="131624569200000000" Dst="0" />
<file name="main.css" server="10.250.0.7//" local="131621822540000000" remote="131624569200000000" Dst="0" />
<file name="ie8.css" server="10.250.0.7//" local="131621822540000000" remote="131624569200000000" Dst="0" />
<file name="font-awesome.min.css" server="C:/Users/Manu/Desktop/WeCare Project/" local="131621822520912995" remote="131621822520000000" Dst="0" />
<file name="main.css" server="C:/Users/Manu/Desktop/WeCare Project/" local="131621822521652213" remote="131621822520000000" Dst="0" />
<file name="main.css" server="wecare.jcubitgroup.com//" local="131625131148859597" remote="131624518800000000" Dst="0" />
<file name="font-awesome.min.css" server="wecare.jcubitgroup.com//" local="131624892145890818" remote="131624110200000000" Dst="0" />
<file name="ie8.css" server="wecare.jcubitgroup.com//" local="131624049000000000" remote="131624049000000000" Dst="0" />
</dwsync>