<?xml version="1.0" encoding="utf-8" ?>
<dwsync>
<file name="_functions.scss" server="10.250.0.7//" local="131621822540000000" remote="131624569200000000" Dst="0" />
<file name="_mixins.scss" server="10.250.0.7//" local="131621822540000000" remote="131624569200000000" Dst="0" />
<file name="_skel.scss" server="10.250.0.7//" local="131621822540000000" remote="131624569200000000" Dst="0" />
<file name="_vars.scss" server="10.250.0.7//" local="131621822540000000" remote="131624569200000000" Dst="0" />
<file name="_functions.scss" server="wecare.jcubitgroup.com//" local="131624892313961174" remote="131624049000000000" Dst="0" />
<file name="_skel.scss" server="wecare.jcubitgroup.com//" local="131624892325352358" remote="131624049000000000" Dst="0" />
<file name="_mixins.scss" server="wecare.jcubitgroup.com//" local="131624892320715636" remote="131624049000000000" Dst="0" />
<file name="_vars.scss" server="wecare.jcubitgroup.com//" local="131624892322999269" remote="131624049000000000" Dst="0" />
</dwsync>