<?xml version="1.0" encoding="utf-8" ?>
<dwsync>
<file name="backgroundsize.min.htc" server="10.250.0.7//" local="131621822540000000" remote="131624569200000000" Dst="0" />
<file name="html5shiv.js" server="10.250.0.7//" local="131621822540000000" remote="131624569200000000" Dst="0" />
<file name="PIE.htc" server="10.250.0.7//" local="131621822540000000" remote="131624569200000000" Dst="0" />
<file name="respond.min.js" server="10.250.0.7//" local="131621822540000000" remote="131624569200000000" Dst="0" />
<file name="backgroundsize.min.htc" server="wecare.jcubitgroup.com//" local="131624892266188205" remote="131624049000000000" Dst="0" />
<file name="html5shiv.js" server="wecare.jcubitgroup.com//" local="131624892269925388" remote="131624049000000000" Dst="0" />
<file name="PIE.htc" server="wecare.jcubitgroup.com//" local="131624892255808705" remote="131624049000000000" Dst="0" />
<file name="respond.min.js" server="wecare.jcubitgroup.com//" local="131624892279267944" remote="131624049000000000" Dst="0" />
</dwsync>