<?xml version="1.0" encoding="utf-8" ?>
<dwsync>
<file name="fontawesome-webfont.eot" server="10.250.0.7//" local="131621822540000000" remote="131624569200000000" Dst="0" />
<file name="fontawesome-webfont.svg" server="10.250.0.7//" local="131621822540000000" remote="131624569200000000" Dst="0" />
<file name="fontawesome-webfont.ttf" server="10.250.0.7//" local="131621822540000000" remote="131624569200000000" Dst="0" />
<file name="fontawesome-webfont.woff" server="10.250.0.7//" local="131621822540000000" remote="131624569200000000" Dst="0" />
<file name="fontawesome-webfont.woff2" server="10.250.0.7//" local="131621822540000000" remote="131624569200000000" Dst="0" />
<file name="FontAwesome.otf" server="10.250.0.7//" local="131621822540000000" remote="131624569200000000" Dst="0" />
<file name="fontawesome-webfont.eot" server="wecare.jcubitgroup.com//" local="131624892193358218" remote="131624049000000000" Dst="0" />
<file name="fontawesome-webfont.ttf" server="wecare.jcubitgroup.com//" local="131624892240464796" remote="131624049000000000" Dst="0" />
<file name="fontawesome-webfont.woff" server="wecare.jcubitgroup.com//" local="131624892228698016" remote="131624049000000000" Dst="0" />
<file name="fontawesome-webfont.svg" server="wecare.jcubitgroup.com//" local="131624892271713016" remote="131624049000000000" Dst="0" />
<file name="fontawesome-webfont.woff2" server="wecare.jcubitgroup.com//" local="131624892252884562" remote="131624049000000000" Dst="0" />
<file name="FontAwesome.otf" server="wecare.jcubitgroup.com//" local="131624892201779414" remote="131624049000000000" Dst="0" />
</dwsync>