<?xml version="1.0" encoding="utf-8" ?>
<dwsync>
<file name="config.php" server="10.250.0.7//" local="131621822560000000" remote="131624569200000000" Dst="0" />
<file name="nav.inc" server="10.250.0.7//" local="131622802030929731" remote="131624578200000000" Dst="0" />
<file name="config.php" server="C:/Users/Manu/Desktop/WeCare Project/" local="131621822541978720" remote="131621822540000000" Dst="0" />
<file name="nav.inc" server="C:/Users/Manu/Desktop/WeCare Project/" local="131621822542188867" remote="131621822540000000" Dst="0" />
<file name="config.php" server="wecare.jcubitgroup.com//" local="131625038032706464" remote="131624425800000000" Dst="0" />
<file name="nav.inc" server="wecare.jcubitgroup.com//" local="131625069871797633" remote="131624457600000000" Dst="0" />
<file name="contact.inc" server="wecare.jcubitgroup.com//" local="131624893790544069" remote="131624091600000000" Dst="0" />
<file name="footer.inc" server="wecare.jcubitgroup.com//" local="131625022092780453" remote="131624410200000000" Dst="0" />
<file name="slideshow.inc" server="wecare.jcubitgroup.com//" local="131624893324396788" remote="131624148000000000" Dst="0" />
</dwsync>