<?xml version="1.0" encoding="utf-8" ?>
<dwsync>
<file name="config.php" server="10.250.0.7//" local="131621822560000000" remote="131624569200000000" Dst="0" />
<file name="nav.inc" server="10.250.0.7//" local="131622802030929731" remote="131624578200000000" Dst="0" />
<file name="config.php" server="C:/Users/Manu/Desktop/WeCare Project/" local="131621822541978720" remote="131621822540000000" Dst="0" />
<file name="nav.inc" server="C:/Users/Manu/Desktop/WeCare Project/" local="131621822542188867" remote="131621822540000000" Dst="0" />
<file name="config.php" server="wecare.jcubitgroup.com//" local="131621822560000000" remote="131623976400000000" Dst="0" />
<file name="nav.inc" server="wecare.jcubitgroup.com//" local="131624725214765914" remote="131624113200000000" Dst="0" />
<file name="contact.inc" server="wecare.jcubitgroup.com//" local="131624631018546364" remote="131624019600000000" Dst="0" />
<file name="footer.inc" server="wecare.jcubitgroup.com//" local="131624701981308561" remote="131624089800000000" Dst="0" />
<file name="slideshow.inc" server="wecare.jcubitgroup.com//" local="131624687550342057" remote="131624076000000000" Dst="0" />
</dwsync>